Hisse,Son,Alis,Satis,Fark,EnDusuk,EnYuksek,AOF,HacimTL,HacimLot
A1CAP,10.8,10.80,-,0.0998,9.81,10.8,10.61,181620684,17119331
A1YEN,3.51,3.51,3.52,-0.025,3.5,3.84,3.71,254136742,68553425
AAGYO,17.04,17.03,17.04,-0.0047,16.96,17.32,17.14,133796791,7806777
ACSEL,146.3,146.30,146.40,-0.0693,146.3,159,150.71,67173583,445709
ADEL,32.96,32.94,32.98,0.0211,32.26,34.64,33.43,671562407,20088497
ADESE,1,0.99,1.00,-0.0099,0.99,1.01,1,71300220,71694460
ADGYO,52.1,52.10,52.15,-0.028,51.9,53.9,52.78,23559448,446386
AEFES,20.3,20.30,20.32,0,20.2,20.86,20.53,567704490,27646826
AFYON,12.96,12.96,12.97,0.0086,12.85,13.1,12.98,31206592,2404529
AGESA,244.6,244.60,244.80,0.0312,237.2,249.3,244.91,120054077,490194
AGHOL,32.7,32.68,32.72,-0.0145,32.62,33.7,33.17,69277133,2088331
AGROT,2.8,2.80,2.81,-0.021,2.8,2.91,2.84,55896175,19684763
AGYO,8.1,8.12,8.15,-0.0122,8.1,8.24,8.17,2051241,251213
AHGAZ,31.88,31.84,31.88,-0.0038,31.48,32.28,31.83,100075233,3144511
AHSGY,19.76,19.74,19.76,-0.012,19.48,20.2,19.99,21739268,1087317
AKBNK,67.25,67.20,67.25,0.0052,66.7,68.25,67.43,7362760063,109191518
AKCNS,208.6,208.60,208.80,0.0186,204.8,213.7,209.56,120717217,576056
AKENR,13.61,13.60,13.62,-0.0535,13.58,14.48,13.92,362802913,26072105
AKFGY,2.86,2.86,2.87,0.0214,2.79,2.88,2.84,77795216,27406244
AKFIS,63.7,63.65,63.75,-0.0275,63.55,66,64.8,207448061,3201555
AKFYE,27.04,27.04,27.06,-0.0231,26.72,29.34,27.79,863598903,31074936
AKGRT,7.07,7.06,7.07,-0.0042,7.05,7.16,7.09,100928316,14235057
AKHAN,32.12,32.06,32.10,0.021,30.86,33.42,32.11,368552204,11476946
AKMGY,258.75,258.00,259.00,-0.0048,257,267,260.46,8923157,34259
AKSA,11,10.99,11.00,-0.0161,10.98,11.38,11.19,279914391,25020773
AKSEN,77.35,77.30,77.40,-0.0227,77.2,80.05,78.36,275742334,3518809
AKSGY,9.23,9.21,9.23,0.0054,9.14,9.35,9.23,63163759,6843011
AKSUE,37.16,37.16,37.18,0.0005,36.7,37.9,37.37,93612782,2504874
AKYHO,2.62,2.61,2.62,0,2.57,2.68,2.62,3018164,1153651
ALARK,105.3,105.20,105.30,0.0405,101,106.7,104.49,668659425,6399329
ALBRK,8.01,8.00,8.01,-0.0172,7.98,8.24,8.12,204026581,25125423
ALCAR,740,740.00,741.50,-0.014,737,757.5,745.01,14175214,19027
ALCTL,145.1,145.10,145.40,-0.0639,141.5,156,147.79,124203484,840406
ALFAS,64.8,64.75,64.80,0.0597,62.55,66.6,64.43,1181958545,18344480
ALGYO,7.03,7.02,7.03,0.0159,6.82,7.14,6.98,260059948,37250592
ALKA,9.88,9.87,9.88,-0.013,9.86,10.06,9.96,25760938,2587494
ALKIM,16.56,16.55,16.56,-0.0172,16.54,16.93,16.77,29831790,1778757
ALKLC,333.75,333.50,334.00,0.0238,316.5,338.25,328.8,760045043,2311590
ALTINS1,75.52,75.51,75.52,-0.0128,75.4,76.48,75.98,597340252,7862145
ALTNY,16.07,16.07,16.08,-0.0201,16.05,16.6,16.26,121776557,7487532
ALVES,2.8,2.80,2.81,0.0294,2.67,2.93,2.82,508753042,180758418
ANELE,88.95,-,-,-0.016,88.45,88.95,88.55,32123265,362762
ANGEN,11.05,11.04,11.05,-0.0247,10.9,11.45,11.08,82189364,7420057
ANHYT,102.8,102.70,102.80,0.0078,101.7,104,102.82,53429595,519630
ANSGR,27.2,27.20,27.22,-0.0007,27.02,27.46,27.26,55121146,2022271
ARASE,115,115.00,115.20,-0.0043,111.4,119.4,115.34,62976598,546033
ARCLK,103,102.90,103.10,-0.0019,102.6,103.9,103.3,102229762,989683
ARDYZ,61.45,-,-,-0.0451,61.45,67.1,64.7,340307297,5260094
ARENA,27.58,27.54,27.58,-0.015,27.5,28.32,27.84,34907249,1253835
ARFYE,29.56,29.52,29.56,-0.061,29.36,32.04,30.43,197112247,6476771
ARMGD,126.4,126.50,126.70,0.004,124.2,128.7,126.59,76716060,606017
ARSAN,3.35,3.35,3.36,-0.0205,3.32,3.44,3.38,48582443,14391325
ARTMS,41.72,41.72,41.76,-0.0352,41.3,43.7,42.34,66463567,1569806
ARZUM,2.23,2.22,2.23,-0.0089,2.22,2.26,2.24,19188989,8576780
ASELS,359.25,359.00,359.25,-0.0238,357.75,368.75,362.62,5748307928,15852234
ASGYO,11.53,11.51,11.53,-0.0137,11.49,11.72,11.59,34746370,2998677
ASTOR,293.25,293.00,293.25,-0.0479,291,318.75,309.05,10461876126,33851931
ASUZU,62.4,62.35,62.40,-0.0258,62.15,64.55,63.23,30353795,480066
ATAGY,12.68,12.52,12.68,-0.0031,12.46,12.89,12.66,1870692,147765
ATAKP,56.8,-,-,-0.0348,56.8,59.75,58.31,31511357,540442
ATATP,244,244.10,244.30,-0.0356,240.5,266.5,252.69,820766786,3248134
ATATR,17.73,17.72,17.73,0.0155,17.5,18.4,17.92,1014334082,56609647
ATEKS,92.2,-,-,-0.0005,92.2,92.2,92.2,909830,9868
ATLAS,7.85,7.80,7.85,0.0051,7.77,8.03,7.88,5971272,757554
ATSYH,79.1,-,-,-0.051,79.1,79.2,79.13,5206870,65804
AVGYO,14.49,14.49,14.53,-0.0102,13.8,15.35,14.62,54910938,3755304
AVHOL,49.8,49.74,49.80,0.0163,48.94,52.35,50.72,260471792,5135608
AVOD,4.38,4.37,4.38,-0.0068,4.34,4.45,4.39,35083133,7988749
AVPGY,59.1,59.00,59.10,0.0017,58.15,59.7,58.97,33263661,564044
AVTUR,17.85,17.85,17.98,-0.0045,17.5,18.2,17.81,6647638,373174
AYCES,685,685.00,-,0.0995,600,685,647.52,381730392,589527
AYDEM,26.44,26.38,26.44,0.0123,25.7,26.46,26.11,61349349,2349969
AYEN,39.26,39.26,-,0.0997,35.42,39.26,38.28,91025325,2377801
AYES,32.96,-,-,-0.0306,32.96,33.6,33.16,2400722,72405
AYGAZ,231.6,231.50,231.60,-0.0043,230.4,236.4,233.09,90552689,388488
AZTEK,5.24,5.23,5.24,0.0077,5.15,5.44,5.28,110091372,20860781
BAGFS,27.48,27.46,27.48,0.0029,27,28.44,27.66,52694156,1905351
BAHKM,112.5,112.30,112.50,-0.0385,111.7,118.3,114.68,35621050,310619
BAKAB,47.06,47.06,47.12,-0.003,46.6,49.72,48.4,48139186,994572
BALAT,66.6,-,-,-0.0334,66.35,68.8,66.69,1826199,27385
BALSU,13.71,13.71,13.72,-0.0214,13.7,14.08,13.89,62324821,4487440
BANVT,155,154.90,155.00,-0.0019,153.7,158.1,154.96,27419513,176941
BARMA,66.05,66.05,66.10,-0.0097,63.2,67,65.27,461638038,7073005
BASCM,16.98,-,-,0.026,16,16.98,16.36,1164865,71206
BASGZ,48.8,48.74,48.80,0.0012,48.48,49.5,48.97,9548249,194973
BAYRK,5.29,5.28,5.29,0.0332,5.05,5.35,5.23,109537697,20948447
BEGYO,4.1,4.09,4.10,-0.012,4.07,4.17,4.12,23875496,5792642
BERA,16.54,16.54,16.55,-0.0066,16.51,16.76,16.61,98953273,5956525
BESLR,13.85,13.82,13.84,-0.0036,13.82,14.15,13.96,29684983,2126151
BESTE,40.96,40.96,40.98,0.022,37.64,42.4,40.43,1938790969,47949972
BEYAZ,27.76,27.74,27.76,-0.0064,27.48,28.28,27.83,16870663,606192
BFREN,138.5,138.50,138.70,-0.0149,138,141.9,139.45,23985836,172007
BIENY,22.82,22.80,22.82,-0.0231,22.54,23.6,23.2,81855953,3528646
BIGCH,6.93,6.93,6.94,0.0102,6.86,7.12,7.02,30487498,4344363
BIGEN,53.8,-,53.80,-0.0996,53.8,61.05,55.35,349714516,6318200
BIGTK,214.1,213.90,214.10,-0.0147,213,219.9,215.98,57046037,264131
BIMAS,384.25,384.25,384.50,0.0186,374,387.75,382.29,2976849458,7785559
BINBN,173.1,173.00,173.30,-0.0142,172,177.6,174.5,32096516,183934
BINHO,8.83,8.83,8.84,-0.0307,8.8,9.21,8.98,138334779,15406492
BIOEN,17.66,17.65,17.66,-0.0034,17.52,18.46,17.95,140830416,7846315
BIZIM,27.22,27.20,27.24,-0.0037,27.18,27.56,27.42,6623191,241571
BJKAS,1.59,1.58,1.59,-0.0245,1.58,1.64,1.61,86109102,53587422
BLCYT,27.44,27.42,27.44,-0.081,27.3,30.42,28.16,323830198,11497836
BLUME,30.88,30.84,30.88,-0.0493,30.66,32.16,31.24,117031566,3746053
BMSCH,16.02,16.05,16.11,-0.0202,15.99,16.46,16.19,15690264,969331
BMSTL,85.15,85.10,85.15,0.0018,84.85,86.5,85.5,72711402,850406
BNTAS,6.73,6.73,6.75,-0.026,6.72,7,6.85,18382320,2682710
BOBET,18.84,18.83,18.84,-0.0074,18.75,19.07,18.84,52970920,2811752
BORLS,5.69,5.68,5.69,-0.0501,5.6,5.97,5.73,149902892,26145602
BORSK,6.04,6.04,6.05,-0.0163,6.03,6.19,6.12,60403165,9872386
BOSSA,6.46,6.45,6.46,-0.0137,6.42,6.56,6.49,9027570,1391011
BRISA,91.25,91.20,91.25,-0.0119,91.1,92.85,92.12,6377454,69230
BRKO,11.13,-,-,0,11.13,11.13,11.13,935643,84065
BRKSN,8.25,8.20,8.27,-0.0108,8.2,8.45,8.34,6386217,765954
BRKVY,91.6,91.65,91.70,-0.0172,91.6,93.95,92.17,23586660,255917
BRLSM,23.56,23.56,23.60,0.0026,22.78,25.3,24.12,866628975,35929633
BRMEN,11,-,-,0,10.9,11,10.97,814673,74273
BRSAN,603.5,603.50,604.50,-0.0636,602,645.5,626.88,1686025551,2689565
BRYAT,1993,1.991.00,1.994.00,-0.0163,1987,2034,2004.64,84164618,41985
BSOKE,32.88,32.86,32.90,-0.0606,32.76,35.7,34.12,94041395,2755878
BTCIM,5.92,5.91,5.92,-0.0231,5.89,6.08,5.97,137716976,23055407
BUCIM,6.01,6.00,6.01,-0.0066,5.99,6.14,6.06,41308746,6818091
BULGS,40.34,40.32,40.36,-0.0166,40.26,41.3,40.82,73929879,1811196
BURCE,45.42,45.40,45.42,-0.032,45.38,47.36,46.17,85122240,1843619
BURVA,1074,1.075.00,1.086.00,-0.0236,1074,1130,1088.15,33668414,30941
BVSAN,118.1,118.10,118.30,-0.0296,117.9,123.6,120.15,56080556,466749
BYDNR,40.7,40.70,40.74,-0.0193,40.5,41.98,41.37,26328771,636367
CANTE,1.5,1.49,1.50,-0.0132,1.49,1.54,1.52,356288321,234292275
CASA,80.95,-,-,0.0119,80.95,80.95,80.95,2736434,33804
CATES,40.94,40.94,40.98,0.0109,39.68,41.96,41.2,61437275,1491189
CCOLA,78.5,78.45,78.50,-0.0175,78,81.15,79.03,463258355,5861837
CELHA,19.16,19.13,19.18,0.0357,18.34,19.99,19.05,242305145,12720714
CEMAS,4.67,4.67,4.68,-0.0127,4.67,4.8,4.73,51040264,10795969
CEMTS,10.09,10.08,10.09,-0.0049,10,10.25,10.15,15202242,1498363
CEMZY,13.15,13.15,13.19,-0.0113,13.15,13.6,13.35,85904749,6434858
CEOEM,26.68,26.68,26.70,-0.0396,26.6,28.24,27.55,50796538,1843987
CGCAM,46.14,46.14,46.20,-0.0607,46,50.75,48.59,611472467,12583614
CIMSA,49.52,49.52,49.54,-0.0012,49.5,50.25,49.91,220225567,4412539
CLEBI,1624,1.624.00,1.626.00,-0.0092,1620,1650,1636.73,39410863,24079
CMBTN,1552,1.552.00,1.555.00,-0.0159,1549,1591,1567.77,10206184,6510
CMENT,296.5,-,-,0.0111,296.5,296.5,296.5,876158,2955
CONSE,2.91,2.90,2.91,-0.0102,2.89,3,2.93,29411564,10028963
COSMO,161.9,162.00,163.90,-0.0176,161.2,167.5,163.56,6591813,40302
CRDFA,38.18,38.20,38.24,0.033,36.76,38.72,37.86,56266397,1486256
CRFSA,151.1,151.10,151.30,0.0421,143.1,156.2,150.44,365626886,2430418
CUSAN,25.62,25.58,25.64,-0.0771,25.12,27.9,26.57,68532821,2579712
CVKMD,42.26,42.22,42.26,-0.0249,42.12,44.26,43.17,545866473,12645468
CWENE,37.28,37.26,37.28,-0.0342,37.16,39.34,38.17,513625925,13457650
DAGI,7.12,7.10,7.12,0,7.05,7.2,7.11,31478719,4430448
DAPGM,10.82,10.81,10.82,-0.0164,10.45,11.7,11.2,3693727803,329746089
DARDL,2.13,2.13,2.14,-0.0448,2.13,2.24,2.19,32419526,14778646
DCTTR,12.49,12.47,12.49,0.0024,12.22,12.68,12.42,114149545,9194537
DENGE,2.17,2.16,2.17,-0.0482,2.16,2.29,2.22,33591892,15153792
DERHL,13.45,13.44,13.45,-0.0161,13.31,13.7,13.46,73799357,5483610
DERIM,42.78,42.78,-,0.0997,39,42.78,41.43,72297403,1744917
DESA,12.17,12.15,12.17,-0.0073,12.11,12.33,12.24,10310020,842618
DESPC,43.46,43.46,43.58,-0.0527,43.4,45.86,44.51,32009979,719108
DEVA,64.95,64.75,64.85,0.0062,64.3,65.15,64.78,18237167,281522
DGATE,121.9,121.90,122.10,-0.0477,119.8,130.2,125.56,47639328,379423
DGGYO,31.28,31.30,31.60,-0.017,31.18,32.22,31.63,4058540,128315
DGNMO,9.11,9.10,9.12,0.0089,8.98,9.5,9.22,36990551,4011731
DIRIT,25.9,-,-,0.0181,22.92,26.84,24.11,3309994,137279
DITAS,45.98,45.96,46.02,0.025,44.5,49,46.97,292023442,6216877
DMLKTG,6.1,6.10,6.11,0,6.09,6.12,6.1,23553921,3860237
DMRGD,10.19,-,-,-0.0617,10.19,10.81,10.48,338634008,32307771
DMSAS,8.65,8.65,8.66,-0.008,8.64,8.82,8.74,7230349,827571
DNISI,18.84,18.83,18.86,-0.0121,18.81,19.16,18.97,10147798,534868
DOAS,181.8,181.80,181.90,-0.0022,180.6,187,182.27,186268281,1021925
DOCO,9807.5,9.800.00,9.820.00,0.0168,9567.5,9807.5,9675.73,38035303,3931
DOFER,33.6,33.58,33.62,-0.0106,33.58,34.26,33.93,27424693,808271
DOFRB,170.4,170.40,170.50,0.0065,165,176,171.21,1325778068,7743542
DOGUB,100.3,100.30,100.50,-0.0167,99.6,104.8,101.22,21821419,215595
DOHOL,21.68,21.68,21.70,-0.0128,21.32,22.28,21.78,226595282,10402354
DOKTA,26.66,26.62,26.66,-0.0479,26.2,28.6,27.37,25231675,921816
DSTKF,2515,2.512.50,2.517.50,0.0182,2450,2560,2510.55,761892670,303476
DUNYH,113,113.00,113.10,-0.0233,112,116.5,113.79,82710527,726876
DURDO,5.44,5.43,5.44,-0.0145,5.42,5.55,5.49,4576238,833715
DURKN,19.88,19.88,19.92,-0.0405,19.81,21.2,20.53,66713148,3250343
DYOBY,15.43,15.42,15.43,-0.0505,15.33,16.34,15.84,114369913,7222075
DZGYO,8.55,8.54,8.55,-0.0116,8.48,8.81,8.58,14796093,1723653
EBEBK,85.7,85.65,85.75,0.0239,82.55,85.75,84.1,47066241,559618
ECILC,84.6,84.60,84.65,0.0024,84.45,86.85,85.73,342428469,3994332
ECOGR,37.98,37.96,37.98,0.021,36.9,39,37.96,743609383,19589483
ECZYT,350.5,350.25,350.50,0.0014,345.25,359,352.31,124775493,354160
EDATA,15.74,15.73,15.75,0.0129,14.77,16.8,15.96,182550482,11439727
EDIP,36.86,36.84,36.90,-0.0027,36.64,37.2,36.88,12420066,336758
EFOR,12.82,12.81,12.82,0.0364,12.5,13.1,12.81,881592773,68824922
EGEEN,5785,5.785.00,5.795.00,-0.0107,5752.5,5947.5,5841.35,111125823,19024
EGEGY,28.12,28.12,28.16,-0.0085,28.08,28.86,28.52,58833973,2063290
EGEPO,19.06,19.00,19.06,-0.0226,18.9,19.5,19.22,15918351,828072
EGGUB,116.5,116.20,116.50,0.0698,107,119.7,115.69,617793667,5340049
EGPRO,37.56,37.52,37.56,-0.0325,36.82,39.06,38.17,29015542,760188
EGSER,3.2,3.19,3.20,-0.0588,3.19,3.42,3.29,14079391,4283603
EKDMR,58.75,58.70,58.75,0.0463,54.3,61,58.03,2780196576,47908786
EKGYO,19.33,19.32,19.33,-0.0051,19.23,19.58,19.42,1234280811,63566777
EKIZ,80.1,-,-,-0.0777,78.2,80.1,78.68,7959704,101167
EKOS,7.58,7.58,7.59,-0.0677,7.47,8.24,7.79,205801913,26426139
EKSUN,6.79,6.78,6.79,-0.0583,6.77,7.18,6.96,60397279,8673663
ELITE,36.66,36.66,36.72,-0.0619,36.62,39.28,38,90286271,2376288
EMKEL,22.38,22.36,22.38,0.0036,22.02,23.3,22.65,231104620,10202620
EMNIS,165.6,-,-,-0.0048,165.6,165.6,165.6,710093,4288
EMPAE,144.1,144.10,-,0.1,132.9,144.1,141.39,531971898,3762424
ENDAE,19.83,19.81,19.83,-0.001,19.21,21.82,20.76,855575849,41206051
ENERY,8.63,8.62,8.63,-0.0227,8.61,8.91,8.75,86857205,9923716
ENJSA,105.2,105.10,105.20,-0.0168,105,107.6,106.18,156331383,1472301
ENKAI,96.6,96.55,96.60,0.0174,95.1,97.8,96.8,899148604,9289116
ENPRA,71.55,-,-,-0.0145,70.6,71.55,70.78,2688089,37981
ENSRI,12.55,12.54,12.55,-0.0434,11.98,13.46,12.6,1138671337,90405701
ENTRA,4.8,4.79,4.80,-0.0083,4.76,4.96,4.86,117238337,24108511
EPLAS,5.99,5.99,6.00,0,5.9,6.04,5.97,35856667,6003270
ERBOS,189.1,189.10,189.30,-0.0073,186.1,193.4,190.7,6484397,34003
ERCB,60.15,60.15,60.20,-0.0483,59.65,64.2,61.21,79919862,1305780
EREGL,38.84,38.82,38.84,-0.0046,38.52,39.26,38.96,4089103511,104968424
ERSU,26.96,26.50,26.94,0.0322,25.66,27,26.39,11984739,454183
ESCAR,48.06,48.02,48.06,-0.033,47.54,49.86,48.61,71895084,1479092
ESCOM,5.04,5.04,5.05,-0.0118,5.04,5.13,5.08,96589851,19028631
ESEN,3.83,3.82,3.83,-0.0179,3.82,3.95,3.88,157214707,40572478
ETILR,5.27,5.26,5.27,-0.0313,5.2,5.55,5.39,31958571,5933900
ETYAT,11.6,11.57,11.60,-0.0161,11.3,12.17,11.65,10475114,899472
EUHOL,11.18,-,-,0.0018,11.17,11.18,11.18,7681940,687160
EUKYO,9.43,9.31,9.43,0.0064,9.1,9.76,9.61,20646593,2147643
EUPWR,85.15,85.20,85.25,-0.0207,83.65,91,86.93,5045128564,58037144
EUREN,4.64,4.63,4.64,-0.0128,4.63,4.77,4.71,148416055,31546703
EUYO,7.03,7.00,7.03,0.0174,6.66,7.14,6.95,4931793,709608
EYGYO,2.49,2.48,2.49,-0.008,2.48,2.54,2.51,18733471,7452576
FADE,16.39,16.39,16.41,-0.003,16.24,17.04,16.68,70277704,4212499
FENER,3.51,3.50,3.51,-0.0223,3.45,3.65,3.51,1081453466,308163729
FLAP,14.15,14.10,14.15,-0.0221,14.02,14.94,14.43,19851366,1376048
FMIZP,307.25,307.00,307.25,0.0157,301.5,307.75,305.82,27225293,89023
FONET,5.32,5.31,5.32,-0.0239,5.28,5.55,5.41,121194030,22414842
FORMT,2.24,2.23,2.24,0,2.19,2.27,2.23,68791967,30906336
FORTE,91.95,91.95,92.00,-0.0239,91.95,94.65,93.29,105100593,1126547
FRIGO,3.11,3.11,3.12,-0.0281,3.1,3.23,3.15,77029967,24441069
FRMPL,39.38,39.34,39.38,-0.0252,39.24,40.48,39.8,163556197,4109815
FROTO,86.7,86.65,86.70,-0.0046,86.2,88.05,87.15,1712016569,19644556
FZLGY,15.79,15.78,15.79,0.0388,14.45,15.92,15.31,797172220,52077963
GARAN,129.8,129.70,129.80,0.0039,129.1,131.7,130.27,3075533724,23609479
GARFA,31.46,31.46,31.50,-0.0218,31.24,32.34,31.89,23336473,731789
GATEG,300,-,-,-0.0099,300,300,300,4040700,13469
GEDIK,7.24,7.24,7.25,0.007,7.15,7.75,7.45,215070058,28861252
GEDZA,32.5,32.46,32.50,-0.0639,32.38,35.98,33.91,136101730,4013942
GENIL,8.35,8.35,8.36,-0.02,8.33,8.61,8.42,217105582,25776662
GENKM,19.03,19.03,-,0.1,17.07,19.03,18.18,1293741700,71176516
GENTS,6.85,6.84,6.85,-0.0214,6.82,7.1,6.91,52343587,7576045
GEREL,41.16,41.16,41.22,0.0484,39.26,41.9,41.11,490607384,11933491
GESAN,87.15,87.15,-,0.0997,76.3,87.15,82.92,2971334585,35724393
GIPTA,70.9,70.90,70.95,-0.0274,70.85,74.2,72.69,99621585,1370451
GLBMD,12.42,12.42,12.43,0.0098,12.04,12.49,12.32,4198491,340742
GLCVY,58.3,58.30,58.35,-0.0102,58.2,59.45,58.91,32830072,557323
GLRMK,173,173.10,173.20,-0.0297,172.4,179.5,175.19,686698264,3919856
GLRYH,3.33,3.32,3.33,0.0122,3.29,3.4,3.35,33002107,9844882
GLYHO,15.65,15.65,15.66,-0.0063,15.6,16.07,15.91,76603717,4815830
GMTAS,47.92,47.92,47.98,-0.0558,47.34,52,49.3,225020927,4564203
GOKNR,23.58,23.56,23.58,-0.0142,23.24,24.4,23.69,85851348,3623994
GOLTS,326.75,326.50,326.75,-0.0202,325.75,335,329.96,39257668,118979
GOODY,15.83,15.82,15.84,-0.0013,15.81,16.08,15.95,19447176,1219557
GOZDE,20.32,20.28,20.32,0,20.24,20.7,20.48,38556404,1882667
GRNYO,19.45,19.44,19.45,-0.04,19.18,20.98,19.75,9871763,499865
GRSEL,307.75,307.50,307.75,-0.012,307.25,318,312.72,91591599,292891
GRTHO,204.8,204.60,204.80,-0.0252,199.9,215.1,208.3,114095790,547743
GSDDE,15.01,15.01,-,0.0996,14.45,15.01,14.72,99458527,6755984
GSDHO,6.53,6.53,-,0.0993,6.12,6.53,6.41,178147511,27775272
GSRAY,1.08,1.08,1.09,-0.0092,1.08,1.1,1.09,59455952,54766565
GUBRF,484.25,484.25,484.50,-0.0325,480,503.5,489.3,1009688639,2063028
GUNDG,1314,1.312.00,1.314.00,-0.0601,1296,1443,1362.68,724532329,531695
GWIND,27.32,27.28,27.32,0.0317,26.48,28.3,27.55,443726207,16107770
GZNMI,64.85,64.85,64.95,-0.0182,64.45,67.95,65.95,124159358,1882550
HALKB,46.5,46.48,46.50,0.0175,45.82,48.6,47.35,3433342957,72508428
HATEK,16.71,16.63,16.68,-0.0077,16.35,16.98,16.72,21809946,1304264
HATSN,59.35,59.30,59.40,-0.0579,58.65,65,62.33,445187868,7142015
HDFGS,2.55,2.55,2.56,-0.0341,2.54,2.66,2.6,88968922,34197461
HEDEF,100.1,-,100.10,-0.0998,100.1,108.8,105.79,199481211,1885590
HEKTS,3.82,-,3.82,-0.0991,3.82,4.34,4.05,2938953434,726006588
HKTM,14.83,14.79,14.84,0.0151,14.3,15.25,14.83,78787958,5312123
HLGYO,6.16,6.15,6.16,-0.0081,6.15,6.25,6.2,121262203,19557925
HOROZ,63.55,63.50,63.55,-0.0613,63.15,68.35,65.11,119180203,1830414
HRKET,131.4,131.40,-,0.0996,117,131.4,127.84,568478041,4446791
HTTBT,40.88,40.88,40.92,-0.0034,40.56,41.8,41.13,21737076,528462
HUBVC,3.22,3.22,3.23,-0.0388,3.16,3.39,3.27,7449148,2278735
HUNER,3.91,3.91,3.92,-0.0322,3.88,4.14,4.02,214999411,53448771
HURGZ,6.75,6.74,6.75,-0.0702,6.74,7.31,6.99,97482002,13956388
ICBCT,20.7,20.70,20.74,-0.0152,20.2,21.44,20.73,98776555,4764638
ICUGS,5.53,5.52,5.53,-0.0018,5.24,6.09,5.75,272839552,47470598
IDGYO,4.77,4.79,4.80,-0.1,4.77,5.33,5.08,23813815,4690223
IEYHO,121.7,121.70,121.80,0.0244,119.8,122.6,120.71,458241705,3796365
IHAAS,90.3,90.30,90.40,-0.0399,84.65,90.4,87.31,517085455,5922513
IHEVA,2.11,2.10,2.11,-0.0186,2.1,2.15,2.12,3561779,1683211
IHGZT,1.36,1.35,1.36,-0.0355,1.35,1.42,1.38,63244826,45929664
IHLAS,1.36,1.35,1.36,-0.0621,1.34,1.47,1.39,362033571,260180700
IHLGM,1.86,1.85,1.86,-0.0412,1.84,1.94,1.89,39625503,21000972
IHYAY,1.64,1.64,1.65,-0.0353,1.63,1.71,1.66,7160338,4304662
IMASM,3.08,3.07,3.08,-0.0375,3.07,3.23,3.14,70122017,22315894
INDES,11.72,11.72,11.73,-0.0282,11.71,12.19,11.93,56719906,4753466
INFO,3.7,3.69,3.70,0.0109,3.66,3.95,3.81,169397616,44490650
INGRM,436.25,436.00,436.75,-0.008,436,446.75,441.19,16189471,36695
INTEK,239,-,-,0.0042,233.1,239,233.76,888506,3801
INTEM,268.5,268.50,268.75,-0.0037,266.75,271.75,268.19,10455479,38986
INVEO,8,8.00,8.02,-0.0172,7.98,8.33,8.16,66112487,8105625
INVES,646,646.00,647.00,0.0141,637,646.5,640.78,17436919,27212
ISATR,0,-,-,0,0,0,0,0,0
ISBIR,75.8,-,-,0.004,75.8,75.8,75.8,987901,13033
ISBTR,399997.5,-,-,0,399997.5,399997.5,399997.5,1599990,4
ISCTR,13.84,13.83,13.84,0.0007,13.78,14.05,13.91,5149081190,370099096
ISDMR,62.8,62.75,62.80,0.0187,62.05,64.4,63.17,250121531,3959641
ISFIN,19.6,19.58,19.61,0.0051,19.49,19.89,19.64,25791055,1312994
ISGSY,104.6,104.60,104.70,-0.027,104.5,108.4,106.28,54430765,512127
ISGYO,20.14,20.12,20.18,-0.0176,20.02,20.64,20.32,22461235,1105190
ISKPL,12.33,-,12.33,-0.0993,12.33,14.29,13.17,2803110438,212825418
ISKUR,2915000,-,-,0.1,2900000,2915000,2905000,8715000,3
ISMEN,36.26,36.26,36.28,-0.0289,35.8,37.2,36.44,657815639,18050390
ISSEN,8.06,8.05,8.07,-0.0495,8.06,8.56,8.24,24166920,2933570
ISYAT,7.96,7.95,7.96,-0.0062,7.88,8.04,7.96,10402509,1306205
IZENR,10.12,10.12,10.13,0.012,9.9,10.5,10.15,720298008,70956739
IZFAS,65,64.90,65.00,-0.042,64.7,67.75,65.85,297638579,4519798
IZINV,63.5,63.35,63.45,-0.0109,63.2,64.75,63.89,13834400,216542
IZMDC,7.88,7.87,7.88,-0.0437,7.83,8.41,8.14,80469393,9891469
JANTS,16.89,16.87,16.89,-0.0094,16.8,17.23,16.99,26665920,1569810
KAPLM,530,529.00,530.00,-0.0767,528,580,549.23,99449629,181070
KAREL,10.95,10.95,10.96,-0.0487,10.73,11.71,11.09,281488939,25383084
KARSN,12.39,12.38,12.39,-0.0395,12.35,12.97,12.68,127511572,10060027
KARTN,129.9,129.80,130.00,-0.0284,129.2,136.4,133.22,69309608,520285
KATMR,2.72,2.71,2.72,-0.0216,2.71,2.79,2.75,106380245,38658826
KAYSE,4.54,4.53,4.54,-0.013,4.52,4.64,4.57,38388726,8406695
KBORU,23.96,23.92,23.96,0.0101,23.86,24.7,24.21,189794130,7839871
KCAER,14.65,14.64,14.65,-0.0279,14.4,15.8,14.96,667925008,44647307
KCHOL,187.1,187.10,187.20,-0.0199,186.6,191.3,189.02,2551961058,13501209
KENT,394,-,-,0.0032,394,394,394,858132,2178
KERVN,6.04,-,-,0.0325,5.99,6.04,6.02,2713023,450697
KFEIN,10.53,10.52,10.53,-0.0453,10.5,11.29,10.75,143444666,13344531
KGYO,12.68,12.67,12.69,0.0144,12.26,12.77,12.47,337956117,27100860
KIMMR,16.71,16.71,16.73,0.0048,16.54,16.92,16.76,20501169,1223611
KLGYO,4.9,4.90,4.91,-0.0061,4.85,4.97,4.91,52165822,10635943
KLKIM,30.44,30.42,30.44,-0.0052,30.26,30.8,30.46,51764459,1699314
KLMSN,33.2,33.18,33.22,-0.009,33.18,34.2,33.65,17342979,515463
KLNMA,9.3,-,-,-0.0106,9.3,9.4,9.39,423779,45141
KLRHO,101.1,100.90,101.20,-0.0232,100.9,106,103.21,410315448,3975564
KLSER,27.8,27.80,27.82,-0.0327,27.72,28.8,28.1,59057599,2101362
KLSYN,13.51,13.50,13.52,-0.0103,13.26,13.88,13.6,40606506,2985317
KLYPV,60.05,60.00,60.10,-0.0291,60,63.25,61.06,123145775,2016939
KMPUR,20.8,20.76,20.80,-0.0226,20.28,21.68,20.89,102867748,4923517
KNFRT,13.41,13.40,13.41,-0.0821,13.38,14.63,13.84,111912511,8089333
KOCMT,2.48,2.47,2.48,-0.008,2.47,2.52,2.5,34419205,13790557
KONKA,14.83,14.83,14.84,-0.004,14.7,14.97,14.83,23768733,1602442
KONTR,6.6,6.59,6.60,-0.0504,6.54,6.97,6.69,547112911,81838051
KONYA,3770,3.767.50,3.772.50,-0.0118,3767.5,3840,3803.9,21142055,5558
KOPOL,6.04,6.03,6.04,-0.0227,6.03,6.31,6.18,30226431,4891612
KORDS,76.4,76.40,76.50,0.0139,75.55,77.6,76.7,134341864,1751502
KOTON,14.73,14.73,14.74,-0.0087,14.69,15.09,14.85,36342438,2447013
KRDMA,39.5,39.50,39.52,0.0175,38.72,39.54,39.22,489735136,12487979
KRDMB,112.2,112.00,112.20,-0.0158,111.6,114.9,112.94,407948009,3612174
KRDMD,39.54,39.52,39.54,0.0138,38.46,40.7,39.34,3099968032,78800756
KRGYO,2.71,2.71,2.72,-0.0252,2.68,2.8,2.74,30360235,11086833
KRONT,20.18,20.18,20.20,0.005,19.93,20.62,20.23,42585762,2105509
KRPLS,9.03,-,-,-0.0394,9.03,9.5,9.31,15782038,1695677
KRSTL,11.27,11.26,11.27,0.0018,11.22,11.42,11.31,45094609,3986469
KRTEK,24.34,24.26,24.34,-0.0057,23.5,24.8,24.31,2351112,96711
KRVGD,3.04,3.05,3.06,-0.047,3.04,3.23,3.12,14055355,4505308
KSTUR,2870,-,-,-0.0009,2870,2872.5,2870.04,1988938,693
KTLEV,160.2,160.00,160.20,0.0126,157.1,162.4,160.11,3364359510,21013213
KTSKR,93.25,93.25,93.30,-0.0426,93.1,98.55,95.51,73385896,768329
KUTPO,89.9,89.70,89.90,-0.0088,89.45,91.4,90.52,12847942,141932
KUVVA,165.8,165.00,165.70,-0.0012,158.1,166,163.75,30396544,185625
KUYAS,72.65,72.65,72.70,-0.0048,69.55,73.95,71.88,453207000,6305010
KZBGY,2.89,2.88,2.89,-0.0034,2.88,3.01,2.93,140214524,47834221
KZGYO,23.94,23.94,23.96,-0.0025,23.82,24.56,24.16,28264118,1169904
LIDER,121,120.90,121.00,-0.0335,120.6,127.5,124.68,142902569,1146168
LIDFA,2.85,2.85,2.86,-0.0206,2.85,2.93,2.88,23525569,8179276
LILAK,35.24,35.20,35.24,-0.0028,35.08,36.44,35.76,138767276,3880250
LINK,7.02,7.02,7.03,-0.0127,7.01,7.2,7.12,230492689,32366546
LKMNH,15.69,15.68,15.69,-0.0138,15.62,16.23,15.84,11352479,716774
LMKDC,29.4,29.40,29.42,-0.0213,29,30.36,29.71,118327307,3982875
LOGO,144.4,144.50,144.70,0.007,143.6,145.7,144.63,65928473,455848
LRSHO,3.26,3.26,3.27,-0.021,3.25,3.35,3.29,65452188,19876973
LUKSK,102.1,102.00,102.30,-0.0368,101.5,106.8,103.38,11790905,114052
LXGYO,17.98,17.97,17.98,0.0274,17.34,18.26,17.86,577265892,32325394
LYDHO,183.2,183.20,183.30,-0.0172,182.1,188.1,185.25,22763714,122881
LYDYE,15162.5,15.122.50,15.195.00,-0.017,15090,15545,15358.33,12563110,818
MAALT,1281,1.281.00,-,0.0996,1166,1281,1255.97,175349647,139613
MACKO,39.32,39.34,39.40,-0.0243,39.32,40.8,39.95,30200757,755900
MAGEN,41.22,-,41.22,-0.0996,41.22,43.38,41.78,1587746429,38006371
MAKIM,17.17,17.14,17.18,-0.0294,17.08,18.32,17.68,43565004,2463963
MAKTK,12.99,12.97,12.99,-0.0313,12.86,13.51,13.13,38684793,2947312
MANAS,26.54,26.50,26.54,0.0616,24.62,26.7,25.7,808304711,31450251
MARBL,13.67,13.66,13.68,-0.0284,13.64,14.33,14.02,43428116,3097148
MARKA,70.85,70.85,71.00,-0.0063,70.55,73,71.48,110039344,1539534
MARMR,2.48,2.47,2.48,-0.0159,2.47,2.56,2.52,252713725,100477091
MARTI,1.86,1.85,1.86,-0.0462,1.84,1.96,1.91,99534459,52218645
MAVI,44.68,44.68,44.70,0.0122,43.98,45.1,44.64,257537107,5768827
MCARD,193.4,193.30,193.40,-0.0252,191,204.4,198.85,583934476,2936630
MEDTR,30.16,30.10,30.16,0.0087,29.8,31,30.27,31193689,1030616
MEGAP,2.42,-,-,-0.0281,2.42,2.49,2.43,1189353,489351
MEGMT,81.6,81.60,81.65,0.0448,78.5,85,81.77,886071046,10836544
MEKAG,3.87,3.86,3.87,-0.0252,3.85,4,3.92,51677963,13187296
MEPET,27.04,27.04,27.08,0.0513,25.34,27.54,26.89,24202940,899976
MERCN,22.98,22.96,22.98,0.007,22.76,23.62,23.13,69479102,3003956
MERIT,17.83,17.81,17.83,0.0457,17.09,18.48,17.92,215182706,12005324
MERKO,2.36,2.35,2.36,0.0876,2.16,2.38,2.32,709273866,306116174
METRO,8.82,8.82,8.83,-0.0597,8.76,9.65,9.19,87534644,9530524
MEYSU,17.69,17.68,17.69,-0.0199,17.56,18.71,18.19,518101395,28482370
MGROS,677,676.50,677.00,0.0173,661,681,671.37,1269074774,1890264
MHRGY,4.34,4.33,4.34,-0.0247,4.23,4.55,4.4,25284339,5749665
MIATK,46.72,46.68,46.72,-0.0013,46.56,48.48,47.59,1340798863,28171634
MMCAS,59.85,-,-,-0.0339,59.85,61,60.68,1197176,19730
MNDRS,11.45,11.44,11.45,-0.028,11.42,11.94,11.71,56543484,4827714
MNDTR,5.66,5.65,5.66,-0.0191,5.64,5.81,5.71,7005658,1225966
MOBTL,15.93,15.93,15.95,-0.0112,15.93,16.48,16.18,35431577,2189792
MOGAN,13.45,13.45,13.46,0.0675,12.46,13.84,13.35,625945076,46896667
MOPAS,38.52,-,38.52,-0.1,38.52,43.62,40.36,1101578825,27290995
MPARK,450,449.50,450.00,0.0006,444.25,459,448.61,246530566,549540
MRGYO,1.61,1.61,1.62,-0.0123,1.6,1.65,1.63,65330983,40100805
MRSHL,1532,1.532.00,1.538.00,-0.0167,1531,1565,1543.42,14322899,9280
MSGYO,6.12,6.10,6.12,-0.0347,5.87,6.48,6.23,16777429,2693797
MTRKS,26.14,26.14,26.16,-0.0232,26.02,27.4,26.53,25921500,977068
MTRYO,10.12,10.11,10.12,-0.0213,9.95,10.38,10.23,4593658,449143
MZHLD,6.03,6.02,6.04,-0.0099,5.99,6.11,6.03,2877882,476925
NATEN,6.89,6.88,6.89,-0.0143,6.81,7.04,6.92,49399573,7143461
NETAS,68.45,68.40,68.45,0.0411,65.2,72.3,70.81,257127541,3631421
NETCD,187.2,187.20,187.40,-0.0058,186,193.9,188.83,895050849,4739990
NIBAS,4.47,4.47,4.48,-0.0219,4.46,4.62,4.54,41390835,9111901
NTGAZ,12.42,12.41,12.43,-0.0259,12.35,12.84,12.53,54275263,4331308
NTHOL,40.12,40.06,40.12,0.025,39.26,41.62,40.39,242989940,6015606
NUGYO,10.78,10.76,10.78,0.0103,10.67,11.61,11.14,89700306,8049738
NUHCM,215,214.90,215.20,-0.0023,215,219.9,216.49,14722378,68004
OBAMS,7.04,7.03,7.04,-0.0356,7.01,7.32,7.19,193940326,26975179
OBASE,41.3,41.30,41.32,-0.0431,41.12,43.46,42.4,50337020,1187282
ODAS,7.39,7.38,7.39,-0.012,7.34,7.61,7.45,546261826,73286086
ODINE,1360,1.360.00,1.362.00,-0.0181,1337,1385,1361,176717603,129844
OFSYM,56.6,56.60,56.70,-0.0182,56.55,58.1,57.32,23182788,404424
ONCSM,274.75,274.50,274.75,-0.0196,274.5,285.5,281.06,93758333,333589
ONRYT,66.85,66.85,66.95,-0.0227,66.25,71.5,68.43,350425556,5120922
ORCAY,4.61,4.60,4.62,-0.0356,4.55,4.76,4.66,11514035,2469208
ORGE,108.5,108.30,108.50,0.0037,105.7,109.4,107.47,135199659,1258028
ORMA,209.2,-,-,0.0356,202,209.2,203.64,1548450,7604
OSMEN,7.35,7.34,7.35,-0.0174,7.33,7.9,7.6,32376098,4262904
OSTIM,2.81,2.81,2.82,-0.0277,2.8,2.91,2.85,24304813,8520391
OTKAR,363,362.75,363.25,-0.0129,362,370,366.93,232168950,632730
OTTO,199.7,199.40,199.70,-0.0616,197,212.8,202.91,102363553,504485
OYAKC,20.88,20.88,20.90,0.0068,20.54,21.04,20.8,344053452,16537872
OYAYO,49.1,48.90,49.00,-0.0141,47.52,50.05,49.44,2541522,51408
OYLUM,8.46,8.46,8.52,-0.0047,8.4,8.55,8.48,6008170,708564
OYYAT,44.62,44.54,44.56,-0.0228,44.48,45.96,45.17,6538732,144773
OZATD,1455,1.455.00,1.475.00,-0.0095,1411,1482,1459.59,116460573,79790
OZGYO,2.19,2.18,2.19,-0.0437,2.17,2.3,2.22,83699001,37747557
OZKGY,14.26,14.26,14.28,0.0157,14,14.6,14.32,98156371,6855881
OZRDN,34.78,34.68,34.70,0.0591,32.02,35.42,33.99,16858598,495933
OZSUB,28.8,28.78,28.84,-0.0426,28.78,30.5,29.5,48491087,1644001
OZYSR,11.9,11.90,11.93,-0.0302,11.88,12.99,12.14,37532093,3092301
PAGYO,144,143.90,144.00,0.0934,131.6,144.6,139.63,66188321,474022
PAHOL,1.63,1.63,1.64,-0.024,1.63,1.69,1.66,331382234,199577568
PAMEL,83.2,83.05,83.15,-0.032,82.9,86.2,84.51,15905714,188223
PAPIL,14.61,14.60,14.62,-0.0122,14.5,14.92,14.7,81756106,5560757
PARSN,81.3,81.20,81.30,-0.0321,81.15,84.45,83.11,32552970,391672
PASEU,110.6,110.50,110.60,0.0269,107,111.6,109.87,459180092,4179396
PATEK,23.9,23.90,23.92,-0.0157,23.76,24.68,24.21,320336297,13229548
PCILT,34.24,34.22,34.26,-0.0012,33.68,35.48,34.43,154860495,4497950
PEKGY,12.07,12.07,12.08,0.0058,11.81,12.13,11.95,1266132919,105929453
PENGD,13.04,13.04,13.05,-0.0225,13.03,13.48,13.19,48181039,3653279
PENTA,14.97,14.95,14.98,-0.0323,14.94,15.58,15.28,39546139,2588193
PETKM,20.3,20.28,20.30,-0.0324,20.22,20.94,20.51,730454203,35610320
PETUN,12.24,12.23,12.24,-0.0169,12.23,12.56,12.37,9705221,784670
PGSUS,169.1,169.10,169.20,-0.0053,168,170.8,169.8,1354291961,7976008
PINSU,11.4,11.39,11.40,-0.0155,11.38,11.7,11.51,15326212,1331473
PKART,130.2,130.20,130.40,-0.0455,129,138.5,131.16,95072178,724875
PKENT,150.7,150.50,150.60,-0.0026,149.5,153.9,151.46,25414229,167794
PLTUR,22.4,22.38,22.40,-0.0303,22.34,23.28,22.75,54987139,2417424
PNLSN,47.64,47.60,47.64,-0.0083,47,48.7,47.85,37621902,786310
PNSUT,12.33,12.32,12.34,-0.0261,12.29,12.77,12.57,23429853,1863687
POLHO,20.36,20.34,20.38,-0.0126,20.28,20.74,20.49,47511589,2318964
POLTK,4935,4.935.00,4.937.50,-0.0208,4910,5032.5,4971.9,28260288,5684
PRDGS,7.8,7.79,7.81,-0.0176,7.72,8,7.84,23478822,2994429
PRKAB,39.5,39.50,39.52,-0.0125,39.46,40.98,39.91,55172464,1382547
PRKME,17.45,17.44,17.45,-0.0213,17.41,17.96,17.68,16099581,910381
PRZMA,45.52,45.52,45.56,0.0289,41,47.16,44.62,338292324,7581889
PSDTC,120,119.90,120.00,-0.0066,118.8,122,120.83,2244853,18579
PSGYO,3.4,3.39,3.40,-0.0029,3.37,3.71,3.47,1291486991,372338850
QNBFK,37.22,-,-,0.0016,37.22,37.3,37.28,299233,8026
QNBTR,215,-,-,-0.0227,212.1,215,214.13,2372804,11081
QUAGR,3.93,3.93,3.94,-0.0272,3.87,4.11,3.98,369327183,92731320
RALYH,242.8,242.60,242.90,0.0416,211.1,256.25,233.43,2617602297,11213747
RAYSG,197.9,197.80,197.90,-0.0115,191,213.6,202.61,307263040,1516502
REEDR,7.29,7.28,7.29,-0.0188,7.26,7.69,7.43,207539224,27950202
RGYAS,199.1,199.10,199.20,0.0163,195.9,206,201.3,670219850,3329466
RNPOL,2.76,2.76,2.77,-0.0483,2.73,2.87,2.8,17864504,6386653
RODRG,26.72,26.74,27.10,-0.0388,26.58,27.96,27.18,7519787,276655
RTALB,3.35,3.34,3.35,-0.029,3.34,3.46,3.39,77460761,22851158
RUBNS,34.06,34.00,34.06,0.0119,33.3,35.4,34.64,587727157,16968762
RUZYE,10.99,10.99,11.01,-0.0266,10.95,11.4,11.17,56889559,5092196
RYGYO,32.54,32.54,32.58,0.0018,32.08,32.96,32.58,36700544,1126402
RYSAS,25.68,25.68,25.72,0.015,25.24,26.28,25.87,178840737,6912923
SAFKR,24.08,24.08,24.10,0.0143,23.62,24.48,24.07,105050761,4364036
SAHOL,91.7,91.70,91.75,0.0022,90.95,93.45,92.12,2403237100,26088541
SAMAT,7.37,7.32,7.37,0.038,6.8,7.72,7.28,29560148,4063350
SANEL,53.15,53.10,53.15,-0.0634,51.1,56.7,53.81,47178122,876836
SANFM,9.82,9.81,9.82,-0.018,9.75,10.14,9.91,145967600,14730234
SANKO,22,21.96,22.00,-0.0117,21.94,22.38,22.19,6792944,306139
SARKY,28.36,28.36,28.38,-0.0367,28.16,30.5,29.26,317260189,10843962
SASA,2.5,2.50,2.51,-0.0347,2.48,2.6,2.53,5865480410,2318009816
SAYAS,56.2,56.10,56.20,-0.0657,56,61.9,58.07,205851194,3544978
SDTTR,230.6,230.60,230.70,-0.027,229.1,236.7,232.03,146222389,630192
SEGMN,55.4,55.40,55.50,0.0027,54.9,57.9,56.18,89226765,1588134
SEGYO,4.92,4.92,4.93,-0.0372,4.86,5.16,5,29529946,5904239
SEKFK,10.2,10.20,10.21,-0.0154,10.16,10.32,10.2,3544613,347444
SEKUR,9.34,9.33,9.34,0.0566,8.54,9.4,9.03,61582548,6823780
SELEC,96.3,96.30,96.35,-0.0605,95.5,102.5,98.26,117634075,1197236
SELVA,2.14,2.14,2.15,-0.0183,2.14,2.2,2.17,71304057,32906526
SERNT,9.95,9.95,9.97,0.001,9.86,10.55,10.26,183469663,17881723
SEYKM,4.91,4.89,4.90,-0.0061,4.76,5.01,4.86,10555319,2174335
SILVR,2.68,2.66,2.68,-0.0255,2.66,2.73,2.7,4207944,1559505
SISE,44.86,44.86,44.88,-0.0036,44.4,45.48,45.05,1664597216,36952062
SKBNK,13.08,13.06,13.08,0.0077,12.97,13.4,13.19,347760468,26364728
SKTAS,3.3,3.29,3.30,-0.0237,3.29,3.4,3.35,15049898,4498293
SKYLP,306.5,303.25,306.50,-0.0301,300,320,310.32,12960842,41766
SKYMD,13.16,13.16,13.18,-0.038,13.12,13.9,13.42,50487159,3763493
SMART,35.76,35.74,35.76,-0.0555,35.54,39.18,36.89,118861203,3221759
SMRTG,11.14,11.13,11.14,-0.0321,11.08,11.7,11.33,414088086,36549682
SMRVA,14.3,14.30,14.31,-0.0416,14.3,15.01,14.57,153338761,10527767
SNGYO,3.62,3.62,3.63,0.0112,3.53,3.66,3.6,81983528,22791007
SNICA,4.04,4.04,4.05,-0.0218,4.03,4.18,4.1,18596229,4539513
SNPAM,22.3,-,-,0.0276,22.3,23,22.9,606452,26486
SODSN,9.03,-,-,-0.0088,9.03,9.11,9.09,505656,55643
SOKE,15.54,-,-,-0.0495,15.54,16.37,15.92,57486191,3610266
SOKM,48.5,48.48,48.52,0.0021,48.1,48.98,48.6,195294455,4018652
SONME,124.7,124.50,124.60,-0.0095,122.6,127.5,125.12,3956949,31625
SRVGY,3.02,3.02,3.03,-0.0131,3.01,3.08,3.04,76431548,25154470
SUMAS,420,-,-,0.0006,400,420,402.46,2083540,5177
SUNTK,31.36,31.36,31.40,-0.0051,30.96,31.72,31.38,19220572,612478
SURGY,74.1,74.05,74.15,-0.0364,73.6,77.9,75.39,264775345,3512262
SUWEN,7.61,7.61,7.62,-0.0168,7.6,7.84,7.72,11215245,1452788
SVGYO,19.03,19.03,19.05,-0.0083,18.83,19.43,19.05,499235999,26214038
TABGD,283.75,283.75,284.00,-0.0182,282.25,294.5,288.12,150266600,521542
TARKM,543.5,542.00,543.00,-0.0431,540.5,572,558.01,86838735,155621
TATEN,13.69,13.69,13.70,-0.0291,13.65,14.31,14.02,266010591,18974797
TATGD,19.11,19.10,19.11,-0.0235,19.1,19.6,19.34,41667313,2154259
TAVHL,257.5,257.50,257.75,0.0138,252.25,259.75,256,779395143,3045465
TBORG,136,135.90,136.00,0.0052,133.5,140.1,136.96,20703831,151165
TCELL,106.9,106.80,106.90,-0.0047,106.7,110,108.34,2129559433,19655924
TCKRC,137.4,137.30,137.40,-0.0621,136.9,147.8,141.31,916755315,6487707
TDGYO,16.19,16.18,16.19,0.0793,14.51,16.32,15.01,118944539,7925705
TEHOL,30.66,30.66,30.68,-0.0013,30.56,31.24,30.84,944036665,30616128
TEKTU,10.64,10.64,10.65,-0.0175,10.51,11.07,10.8,75973003,7033140
TERA,200.2,200.10,200.30,-0.0375,196.1,211.2,200.86,2458535170,12239910
TEZOL,18.58,18.57,18.58,-0.0011,18.49,19.07,18.8,112506745,5984810
TGSAS,176.8,176.70,177.00,0.0309,165.5,183.4,177.67,105725503,595079
THYAO,297.5,297.50,297.75,0.0008,295.5,300,298.26,9583235096,32130345
TKFEN,146.2,146.10,146.30,0.0153,144.2,149.8,146.77,785316360,5350710
TKNSA,20.38,20.36,20.38,-0.0155,20.3,20.98,20.62,82447130,3999144
TLMAN,100.6,100.60,100.90,-0.0079,100.1,105.5,102.5,53001181,517068
TMPOL,409,408.25,409.00,0.087,365,413.75,388.76,766182101,1970860
TMSN,93.05,93.05,93.10,-0.0456,92.5,95.35,93.58,130809557,1397772
TNZTP,24.18,24.18,24.20,-0.0305,24.06,25.2,24.57,32304030,1315039
TOASO,296.25,296.00,296.25,0.018,289.75,297.75,293.69,636300164,2166553
TRALT,44.64,44.62,44.64,-0.0304,44.42,46.54,45.59,3067261349,67279984
TRCAS,43.82,43.84,43.96,-0.0108,43.46,44.28,43.86,19719072,449555
TRENJ,87.15,87.10,87.20,-0.0349,86.75,91.2,88.5,121690617,1375072
TRGYO,99.3,99.25,99.30,0.0102,97.8,100.2,99.17,187205278,1887776
TRHOL,1664,1.663.00,1.664.00,-0.0095,1631,1675,1646.36,210403074,127799
TRILC,1.62,-,-,-0.1,1.62,1.62,1.62,9844753,6077008
TRMET,115.8,115.70,115.80,-0.043,115.6,122.5,117.84,408551414,3466987
TSGYO,6.66,6.66,6.68,0.0015,6.62,6.73,6.67,8938278,1339745
TSKB,11.62,11.62,11.63,-0.0144,11.58,11.86,11.74,171120385,14574031
TSPOR,0.94,0.93,0.94,0,0.93,0.95,0.94,96891724,102973009
TTKOM,63.45,63.40,63.45,-0.0132,63.25,65.45,64.2,2634385130,41031189
TTRAK,441.75,441.75,442.25,-0.0011,438,444.75,441.67,53836127,121891
TUCLK,4.18,4.18,4.19,-0.0165,4.17,4.31,4.23,33151977,7838328
TUKAS,2.4,2.39,2.40,0.0127,2.36,2.46,2.42,576461061,238492549
TUPRS,230.6,230.50,230.60,-0.0343,229.1,237.8,232.74,3209942565,13791520
TUREX,8.08,8.08,8.09,-0.0218,8.08,8.34,8.18,133653726,16340254
TURGG,28.7,28.70,28.74,-0.0211,28.66,29.8,29.1,8507499,292326
TURSG,12.7,12.69,12.70,-0.0063,12.68,12.85,12.78,281552411,22028370
UCAYM,36.38,36.36,36.40,-0.0314,35.58,38.4,36.71,627246975,17087474
UFUK,1330,1.328.00,1.332.00,-0.0411,1322,1372,1346.4,130494014,96707
ULAS,29.18,28.80,29.14,0.0807,26.62,29.6,28.35,25101433,885361
ULKER,115.7,115.60,115.70,-0.0026,115.4,116.5,115.9,440721041,3802480
ULUFA,3.79,3.78,3.79,-0.0156,3.77,3.88,3.82,44847486,11739928
ULUSE,323.75,323.25,323.75,-0.0616,322.75,348.75,332.66,157292266,472833
ULUUN,8.36,8.35,8.36,0.006,8.21,8.47,8.35,47354263,5674703
UMPAS,0,-,-,0,0,0,0,0,0
UNLU,13.08,13.06,13.08,0.0015,13.02,13.41,13.2,16793145,1272463
USAK,1.51,1.50,1.51,-0.0258,1.5,1.55,1.52,75266135,49538380
VAKBN,32.58,32.56,32.58,0.0087,32.48,33.34,32.9,1665357648,50626684
VAKFA,12.15,12.14,12.15,-0.0041,12.02,12.27,12.15,130868422,10771220
VAKFN,1.67,1.66,1.67,-0.006,1.65,1.7,1.68,76453797,45629881
VAKKO,79.45,79.30,79.45,0.0593,75.05,81.95,79.44,86094663,1083790
VANGD,84.5,84.45,84.50,-0.0059,82.5,87,83.88,9351765,111494
VBTYZ,32.08,32.04,32.08,0.0436,30.46,33.32,32.07,289761518,9036278
VERTU,38.26,38.28,38.30,-0.017,38.22,39.34,38.81,16702788,430418
VERUS,605,605.00,605.50,0.0067,597.5,607,601.25,21572667,35880
VESBE,6.55,6.55,6.56,-0.0121,6.53,6.68,6.6,17110091,2592763
VESTL,25.08,25.10,25.12,-0.0165,24.94,25.66,25.3,88985702,3517612
VKFYO,29.08,28.98,29.08,-0.0339,28.82,29.96,29.16,5529176,189604
VKGYO,2.71,2.71,2.72,-0.0145,2.7,2.75,2.72,27221428,9992033
VKING,25.98,25.96,26.04,-0.0233,25.96,26.8,26.39,12330238,467185
VRGYO,2.18,2.17,2.18,-0.0354,2.17,2.35,2.27,140289230,61770530
VSNMD,86.8,86.70,86.80,-0.0435,86.6,91.2,88.41,124881174,1412592
YAPRK,12.99,12.97,12.99,-0.0233,12.96,13.4,13.13,43162483,3287929
YATAS,40.32,40.32,40.38,0.0005,40,40.98,40.39,22444267,555657
YAYLA,23.92,23.92,23.96,-0.0568,23.68,25.42,24.22,78657121,3247009
YBTAS,16.99,-,-,0.0107,16.99,16.99,16.99,362957,21363
YEOTK,108.2,108.00,108.20,-0.0712,107.7,116.6,112.39,835867852,7437525
YESIL,1.45,1.44,1.45,-0.0203,1.44,1.48,1.46,13997476,9576452
YGGYO,217.9,217.80,218.20,0.0069,213.1,219.1,216.44,60578421,279888
YIGIT,25.12,25.12,25.14,-0.0338,25.02,26.26,25.41,106292292,4183667
YKBNK,35.16,35.14,35.16,0.0063,34.88,35.66,35.27,3743923881,106162788
YKSLN,3.44,3.43,3.44,0.0147,3.4,3.65,3.51,48709035,13890188
YONGA,57,-,-,-0.0339,57,58,57.12,1071736,18764
YUNSA,10.07,10.06,10.07,-0.0108,10.02,10.3,10.17,44513109,4377518
YYAPI,0.99,-,-,-0.01,0.98,0.99,0.98,3295035,3356695
YYLGD,11.26,11.25,11.26,-0.0053,11.2,11.52,11.36,57710116,5079039
ZEDUR,10.94,10.91,10.93,-0.025,10.9,11.72,11.39,47540458,4173238
ZERGY,14.78,14.79,14.81,-0.0495,14.58,15.67,14.99,317939028,21210765
ZGYO,43.48,43.48,43.50,0.0009,42.76,45.44,44.13,438417581,9935810
ZOREN,2.96,2.95,2.96,-0.0166,2.9,3.03,2.98,100347076,33629151
ZRGYO,16.94,16.93,16.95,0.0095,16.74,17.02,16.89,93388967,5530270
